1;White Dove Baby Powder;4803746880341;119;ACTIVE;/storage/emulated/0/PCMPOS_IMG/4803746880341.png;No Description;
2;Tuff TBC;4803746332819;147;ACTIVE;/storage/emulated/0/PCMPOS_IMG/4803746332819.png;No Description;
3;Sophia;4803748880110;129;ACTIVE;/storage/emulated/0/PCMPOS_IMG/4803748880110.png;No Description;
4;White Dove Kids Cologne;4803746880433;72;ACTIVE;/storage/emulated/0/PCMPOS_IMG/4803746880433.png;No Description;
5;Alfa1 Deo;4803748115250;159;ACTIVE;/storage/emulated/0/PCMPOS_IMG/4803748115250.png;No Description;
6;Aspire Desire;4803748880066;140;ACTIVE;/storage/emulated/0/PCMPOS_IMG/4803748880066.png;No Description;
7;Nature's Way Shine Care;4803746820118;104;ACTIVE;/storage/emulated/0/PCMPOS_IMG/4803746820118.png;No Description;
8;Tuff DWL;4803746350066;99;ACTIVE;/storage/emulated/0/PCMPOS_IMG/4803746350066.png;No Description;
9;Alfa1 Body Soap;4803748115236;65;ACTIVE;/storage/emulated/0/PCMPOS_IMG/4803748115236.png;Antibacterial;
10;Check Men Deo;4803746684215;89;ACTIVE;/storage/emulated/0/PCMPOS_IMG/4803746684215.png;No Description;
